chr	site	n_reads	ref_base	majority_base	n_a	n_c	n_g	n_t	n_a_rel	n_c_rel	n_g_rel	n_t_rel	motif	perc_mismatched	q_mean	q_std
oligo	20	21368	C	C	89	19881	3	188	0.004165106701609884	0.9304099588169225	0.00014039685511044552	0.008798202920254586	TAGGACTCTTT	0.013103706476974914	8.553652487247883	5.5400588631855685
oligo	21	23704	T	T	473	35	20	21286	0.01995443806952413	0.00147654404319946	0.0008437394532568343	0.8979919001012487	AGGACTCTTTA	0.022274721565980427	6.97262180974478	4.658908731180774
oligo	22	26573	C	C	410	24449	0	1054	0.015429195047604712	0.9200692432167991	0.0	0.03966432092725699	GGACTCTTTAG	0.0550935159748617	5.721268909460375	3.897181009954967
oligo	23	33031	T	T	21	544	3	31460	0.000635766401259423	0.016469377251672673	9.0823771608489e-05	0.9524386182676879	GACTCTTTAGC	0.017195967424540586	10.802494550738677	7.005774428755458
oligo	24	37328	T	T	35	196	2	36974	0.0009376339477068153	0.005250750107158165	5.357908272610373e-05	0.9905165023574797	ACTCTTTAGCT	0.006241963137591084	13.492485734951378	7.150442732017413
oligo	25	38538	T	T	61	206	9	38185	0.0015828532876641238	0.005345373397685402	0.00023353573096683791	0.9908402096631895	CTCTTTAGCTA	0.007161762416316364	17.486935312281066	7.698616325147197
oligo	26	39715	A	A	39427	26	61	67	0.9927483318645348	0.0006546644844517185	0.001535943598136724	0.0016870200176255822	TCTTTAGCTAG	0.0038776281002140247	19.16341021250881	7.645239003254266
oligo	27	40538	G	G	43	1	40433	13	0.001060733139276728	2.4668212541319256e-05	0.9974098376831615	0.0003206867630371503	CTTTAGCTAGT	0.0014060881148551976	21.659685734724587	8.589390091934128
oligo	28	40784	C	C	9	40597	17	101	0.0002206747744213417	0.9954148685759121	0.0004168301294625343	0.002476461357395057	TTTAGCTAGTG	0.0031139662612789326	20.949638347431655	8.36985922896579
oligo	29	41741	T	T	445	26	5	41135	0.010660980810234541	0.0006228887664406699	0.00011978630123859035	0.9854819002898828	TTAGCTAGTGA	0.011403655877913801	19.404987782089982	8.689930576807244
oligo	30	42571	A	A	40100	25	1956	26	0.9419557915012567	0.0005872542341030279	0.045946771276220905	0.000610744403467149	TAGCTAGTGAA	0.04714476991379109	13.917363525321807	7.638571232905844
oligo	31	44346	G	G	78	175	43813	152	0.0017588959545393045	0.003946240923645875	0.9879808776439815	0.003427592116538132	AGCTAGTGAAC	0.009132728994723312	19.40997136221165	7.686836392966851
oligo	32	45179	T	T	15	30	22	45055	0.00033201266074946325	0.0006640253214989265	0.00048695190243254607	0.9972553620044711	GCTAGTGAACC	0.0014829898846809358	19.102478972996902	6.84381750440009
oligo	33	45337	G	G	77	24	45040	56	0.001698392041820147	0.0005293689480997861	0.9934490592672651	0.0012351942122328342	CTAGTGAACCC	0.003462955202152767	23.335656623582867	6.34878151471328
oligo	34	45425	A	A	44839	9	26	17	0.9870996147495872	0.0001981287837094111	0.0005723720418271877	0.00037424325811777657	TAGTGAACCCT	0.0011447440836543754	19.05204068154801	7.263018750727315
oligo	35	45611	A	A	44542	383	5	599	0.9765626712854355	0.00839709719146697	0.00010962267873977768	0.013132796913025368	AGTGAACCCTA	0.021639516783232116	16.795229325616067	8.52916112731352
oligo	36	45948	C	C	84	40752	3	816	0.0018281535648994515	0.8869156437712197	6.529119874640899e-05	0.017759206059023244	GTGAACCCTAG	0.019652650822669104	14.19763215739189	8.9233587521266
oligo	37	47231	C	C	336	46375	6	347	0.007113971755838326	0.9818763100506024	0.0001270352099256844	0.0073468696407020815	TGAACCCTAGC	0.014587876606466092	15.27295054200542	8.91661576044999
oligo	38	47319	C	C	236	44285	18	1926	0.004987425769775355	0.9358819924343287	0.0003803968807455779	0.04070246623977684	GAACCCTAGCC	0.04607028889029777	10.121597633136094	6.036543979179858
oligo	39	47410	T	T	812	2944	59	40722	0.017127188356886733	0.06209660409196372	0.0012444631934191098	0.8589327146171694	AACCCTAGCCT	0.08046825564226957	10.187699057180822	6.600756567412696
oligo	40	48828	A	A	46239	306	745	339	0.9469771442614893	0.006266896043253871	0.015257639059555992	0.0069427377734087	ACCCTAGCCTC	0.02846727287621856	14.417477318806448	7.882283183729015
